ItemId,Brand Name,ItemName,ItemPrice,Rating,ReviewDate,Product Count/Brand
B0096DERAG,Motorola,Motorola MC75A Hand Held Computer Windows Mobile 6.5 MC75A8-PYFSWQRA9WR,499.95,1.0,24-Feb-16,186
B0096QYH80,Motorola,"Motorola Droid RAZR M XT907 Verizon Wireless, 8GB, White",349.99,3.0,15-Feb-15,186
B0096QYH80,Motorola,"Motorola Droid RAZR M XT907 Verizon Wireless, 8GB, White",349.99,3.0,27-Jun-13,186
B0096QYH80,Motorola,"Motorola Droid RAZR M XT907 Verizon Wireless, 8GB, White",349.99,3.0,6-Oct-14,186
B0096QYH80,Motorola,"Motorola Droid RAZR M XT907 Verizon Wireless, 8GB, White",349.99,3.0,6-Feb-15,186
B0096QYH80,Motorola,"Motorola Droid RAZR M XT907 Verizon Wireless, 8GB, White",349.99,3.0,29-Jan-14,186
B0096QYH80,Motorola,"Motorola Droid RAZR M XT907 Verizon Wireless, 8GB, White",349.99,3.0,16-Mar-15,186
B0096QYH80,Motorola,"Motorola Droid RAZR M XT907 Verizon Wireless, 8GB, White",349.99,3.0,15-Nov-14,186
B00HPP3QD6,Motorola,Moto G - Verizon Prepaid Phone (Verizon Prepaid Only),64.99,4.0,2-Apr-14,186
B00HPP3QD6,Motorola,Moto G - Verizon Prepaid Phone (Verizon Prepaid Only),64.99,4.0,27-Aug-14,186
B00HPP3QD6,Motorola,Moto G - Verizon Prepaid Phone (Verizon Prepaid Only),64.99,4.0,27-May-15,186
B00HPP3QD6,Motorola,Moto G - Verizon Prepaid Phone (Verizon Prepaid Only),64.99,4.0,12-Mar-14,186
B00HPP3QD6,Motorola,Moto G - Verizon Prepaid Phone (Verizon Prepaid Only),64.99,4.0,23-Jun-15,186
B00HPP3QD6,Motorola,Moto G - Verizon Prepaid Phone (Verizon Prepaid Only),64.99,4.0,4-Jan-15,186
B00HPP3QD6,Motorola,Moto G - Verizon Prepaid Phone (Verizon Prepaid Only),64.99,4.0,14-May-14,186
B00HPP3QD6,Motorola,Moto G - Verizon Prepaid Phone (Verizon Prepaid Only),64.99,4.0,23-Jul-14,186
B00HPP3QD6,Motorola,Moto G - Verizon Prepaid Phone (Verizon Prepaid Only),64.99,4.0,23-May-14,186
B00HPP3QD6,Motorola,Moto G - Verizon Prepaid Phone (Verizon Prepaid Only),64.99,4.0,6-Jun-14,186
B00HPP3QD6,Motorola,Moto G - Verizon Prepaid Phone (Verizon Prepaid Only),64.99,4.0,22-Aug-14,186
B00HPP3QD6,Motorola,Moto G - Verizon Prepaid Phone (Verizon Prepaid Only),64.99,4.0,28-Jun-15,186
B00HPP3QD6,Motorola,Moto G - Verizon Prepaid Phone (Verizon Prepaid Only),64.99,4.0,28-Feb-15,186
B00HPP3QD6,Motorola,Moto G - Verizon Prepaid Phone (Verizon Prepaid Only),64.99,4.0,31-Jul-14,186
B00HPP3QD6,Motorola,Moto G - Verizon Prepaid Phone (Verizon Prepaid Only),64.99,4.0,5-Feb-15,186
B00HPP3QD6,Motorola,Moto G - Verizon Prepaid Phone (Verizon Prepaid Only),64.99,4.0,11-Sep-14,186
B00HPP3QD6,Motorola,Moto G - Verizon Prepaid Phone (Verizon Prepaid Only),64.99,4.0,3-Jun-14,186
B00HPP3QD6,Motorola,Moto G - Verizon Prepaid Phone (Verizon Prepaid Only),64.99,4.0,5-Jan-15,186
B00HPP3QD6,Motorola,Moto G - Verizon Prepaid Phone (Verizon Prepaid Only),64.99,4.0,8-May-14,186
B00HPP3QD6,Motorola,Moto G - Verizon Prepaid Phone (Verizon Prepaid Only),64.99,4.0,3-Jun-14,186
B00HPP3QD6,Motorola,Moto G - Verizon Prepaid Phone (Verizon Prepaid Only),64.99,4.0,8-Apr-15,186
B00HPP3QD6,Motorola,Moto G - Verizon Prepaid Phone (Verizon Prepaid Only),64.99,4.0,20-Jan-15,186
B00HPP3QD6,Motorola,Moto G - Verizon Prepaid Phone (Verizon Prepaid Only),64.99,4.0,29-Apr-15,186
B00HPP3QD6,Motorola,Moto G - Verizon Prepaid Phone (Verizon Prepaid Only),64.99,4.0,8-Mar-14,186
B00HPP3QD6,Motorola,Moto G - Verizon Prepaid Phone (Verizon Prepaid Only),64.99,4.0,19-Jul-14,186
B00HPP3QD6,Motorola,Moto G - Verizon Prepaid Phone (Verizon Prepaid Only),64.99,4.0,29-May-15,186
B00HPP3QD6,Motorola,Moto G - Verizon Prepaid Phone (Verizon Prepaid Only),64.99,4.0,14-Dec-14,186
B00HPP3QD6,Motorola,Moto G - Verizon Prepaid Phone (Verizon Prepaid Only),64.99,4.0,26-Jun-15,186
B00HPP3QD6,Motorola,Moto G - Verizon Prepaid Phone (Verizon Prepaid Only),64.99,4.0,21-Apr-14,186
B00HPP3QD6,Motorola,Moto G - Verizon Prepaid Phone (Verizon Prepaid Only),64.99,4.0,18-Feb-14,186
B00HPP3QD6,Motorola,Moto G - Verizon Prepaid Phone (Verizon Prepaid Only),64.99,4.0,15-Feb-14,186
B00K0NS0P4,Motorola,"Motorola Moto G (1st Generation) Unlocked Cellphone, 8GB, White",209.75,4.0,13-Nov-14,186
B00K0NS0P4,Motorola,"Motorola Moto G (1st Generation) Unlocked Cellphone, 8GB, White",209.75,4.0,10-Jan-15,186
B00K0NS0P4,Motorola,"Motorola Moto G (1st Generation) Unlocked Cellphone, 8GB, White",209.75,4.0,6-Oct-14,186
B01INV912A,Motorola,motorola G4 16GB Smartphone,206.95,3.0,28-Sep-17,186
B07HMC84L1,Motorola,Motorola Moto E5 Cruise Unlocked 4G LTE (Cricket) Single Sim 16GB 2GB Ram 8MP XT1921-2 Android 8.0 Desbloqueado,116.7,5.0,4-Feb-19,186
B07NP6R2RG,Motorola,"Motorola Moto G7 (64GB, 4GB RAM) Dual SIM 6.2"" 4G LTE (GSM Only) Factory Unlocked Smartphone International Model XT1962-4 No Warranty (Clear White)",153.99,4.0,11-Sep-19,186
B07NP6R2RG,Motorola,"Motorola Moto G7 (64GB, 4GB RAM) Dual SIM 6.2"" 4G LTE (GSM Only) Factory Unlocked Smartphone International Model XT1962-4 No Warranty (Clear White)",153.99,4.0,24-Jun-19,186
B07NP6R2RG,Motorola,"Motorola Moto G7 (64GB, 4GB RAM) Dual SIM 6.2"" 4G LTE (GSM Only) Factory Unlocked Smartphone International Model XT1962-4 No Warranty (Clear White)",153.99,4.0,28-Jul-19,186
B07NP6R2RG,Motorola,"Motorola Moto G7 (64GB, 4GB RAM) Dual SIM 6.2"" 4G LTE (GSM Only) Factory Unlocked Smartphone International Model XT1962-4 No Warranty (Clear White)",153.99,4.0,24-Aug-19,186
B07NP6R2RG,Motorola,"Motorola Moto G7 (64GB, 4GB RAM) Dual SIM 6.2"" 4G LTE (GSM Only) Factory Unlocked Smartphone International Model XT1962-4 No Warranty (Clear White)",153.99,4.0,5-Sep-19,186
B07NP6R2RG,Motorola,"Motorola Moto G7 (64GB, 4GB RAM) Dual SIM 6.2"" 4G LTE (GSM Only) Factory Unlocked Smartphone International Model XT1962-4 No Warranty (Clear White)",153.99,4.0,27-Jun-19,186
B07NPRQYP1,Motorola,Moto G7 Power - Unlocked - 64 GB - Marine Blue (No Warranty) - International Model (GSM Only),165.0,4.0,13-Mar-19,186
B07NPRQYP1,Motorola,Moto G7 Power - Unlocked - 64 GB - Marine Blue (No Warranty) - International Model (GSM Only),165.0,4.0,28-May-19,186
B07NPRQYP1,Motorola,Moto G7 Power - Unlocked - 64 GB - Marine Blue (No Warranty) - International Model (GSM Only),165.0,4.0,10-Jun-19,186
B07NPRQYP1,Motorola,Moto G7 Power - Unlocked - 64 GB - Marine Blue (No Warranty) - International Model (GSM Only),165.0,4.0,29-Mar-19,186
B07NPRQYP1,Motorola,Moto G7 Power - Unlocked - 64 GB - Marine Blue (No Warranty) - International Model (GSM Only),165.0,4.0,22-May-19,186
B07NPRQYP1,Motorola,Moto G7 Power - Unlocked - 64 GB - Marine Blue (No Warranty) - International Model (GSM Only),165.0,4.0,23-Mar-19,186
B07NPRQYP1,Motorola,Moto G7 Power - Unlocked - 64 GB - Marine Blue (No Warranty) - International Model (GSM Only),165.0,4.0,26-May-19,186
B07NPRQYP1,Motorola,Moto G7 Power - Unlocked - 64 GB - Marine Blue (No Warranty) - International Model (GSM Only),165.0,4.0,7-Apr-19,186
B07NPRQYP1,Motorola,Moto G7 Power - Unlocked - 64 GB - Marine Blue (No Warranty) - International Model (GSM Only),165.0,4.0,10-Jul-19,186
B07NPRQYP1,Motorola,Moto G7 Power - Unlocked - 64 GB - Marine Blue (No Warranty) - International Model (GSM Only),165.0,4.0,5-Jul-19,186
B07NPRQYP1,Motorola,Moto G7 Power - Unlocked - 64 GB - Marine Blue (No Warranty) - International Model (GSM Only),165.0,4.0,19-Jun-19,186
B07NPRQYP1,Motorola,Moto G7 Power - Unlocked - 64 GB - Marine Blue (No Warranty) - International Model (GSM Only),165.0,4.0,4-May-19,186
B07NPRQYP1,Motorola,Moto G7 Power - Unlocked - 64 GB - Marine Blue (No Warranty) - International Model (GSM Only),165.0,4.0,18-Jul-19,186
B07NPRQYP1,Motorola,Moto G7 Power - Unlocked - 64 GB - Marine Blue (No Warranty) - International Model (GSM Only),165.0,4.0,8-May-19,186
B07NPRQYP1,Motorola,Moto G7 Power - Unlocked - 64 GB - Marine Blue (No Warranty) - International Model (GSM Only),165.0,4.0,13-Mar-19,186
B07NPRQYP1,Motorola,Moto G7 Power - Unlocked - 64 GB - Marine Blue (No Warranty) - International Model (GSM Only),165.0,4.0,4-Nov-19,186
B07NPRQYP1,Motorola,Moto G7 Power - Unlocked - 64 GB - Marine Blue (No Warranty) - International Model (GSM Only),165.0,4.0,12-Mar-19,186
B07NPRQYP1,Motorola,Moto G7 Power - Unlocked - 64 GB - Marine Blue (No Warranty) - International Model (GSM Only),165.0,4.0,28-Mar-19,186
B07NVWSTHP,Motorola,Motorola Moto Z3 Play 32GB XT1929-3 Deep Indigo - Sprint (Renewed),149.99,5.0,14-May-19,186
B07PZZLR4D,Motorola,"Motorola Moto G7 (64GB, 4GB RAM) Dual SIM 6.2"" 4G LTE (GSM Only) Factory Unlocked Smartphone International Model XT1962-6 International Version No Warranty",153.0,4.0,6-Dec-19,186
B07PZZLR4D,Motorola,"Motorola Moto G7 (64GB, 4GB RAM) Dual SIM 6.2"" 4G LTE (GSM Only) Factory Unlocked Smartphone International Model XT1962-6 International Version No Warranty",153.0,4.0,27-Nov-19,186
B07PZZLR4D,Motorola,"Motorola Moto G7 (64GB, 4GB RAM) Dual SIM 6.2"" 4G LTE (GSM Only) Factory Unlocked Smartphone International Model XT1962-6 International Version No Warranty",153.0,4.0,25-Nov-19,186
B07RFCVTK1,Motorola,Motorola one 4G LTE Cat 6 (XT1941-4) 4GB / 64GB 5.9-inches Dual SIM Factory Unlocked - International Stock No Warranty (White),199.99,4.0,17-Nov-19,186
B07SS3KS2L,Motorola,"Moto Z4 – Unlocked – 128 GB – (US Warranty) - Verizon, AT&T, T-Mobile, Sprint, Boost, Cricket, Metro (W/ 360 Camera Mod) (Flash Gray)",399.99,1.0,24-Aug-19,186
B07XJ5RSX3,Motorola,"Motorola Moto E6 Smartphone with 16GB Memory, Unlocked - Starry Black",99.99,5.0,18-Dec-19,186
B00ACZ0DUA,Nokia,Nokia Lumia 920 32GB Unlocked GSM Windows 8 Smartphone w/ Carl Zeiss Optics Camera - Yellow,182.25,3.0,9-Jun-14,205
B00ACZ0DUA,Nokia,Nokia Lumia 920 32GB Unlocked GSM Windows 8 Smartphone w/ Carl Zeiss Optics Camera - Yellow,182.25,3.0,28-May-18,205
B00ACZ0DUA,Nokia,Nokia Lumia 920 32GB Unlocked GSM Windows 8 Smartphone w/ Carl Zeiss Optics Camera - Yellow,182.25,3.0,4-Feb-14,205
B07579T83L,Nokia,Nokia 105 [2017] TA-1037 Only 2G Dual-Band (850/1900) Factory Unlocked Mobile Phone Black no warranty (White),34.99,3.0,26-May-18,205
B07579T83L,Nokia,Nokia 105 [2017] TA-1037 Only 2G Dual-Band (850/1900) Factory Unlocked Mobile Phone Black no warranty (White),34.99,3.0,15-Dec-17,205
B07XVZXR5Y,Nokia,"Nokia 7.2 - Android 9.0 Pie - 128 GB - 48MP Triple Camera - Unlocked Smartphone (AT&T/T-Mobile/MetroPCS/Cricket/Mint) - 6.3"" FHD+ HDR Screen - Charcoal - U.S. Warranty",329.0,4.0,9-Oct-19,205
B07XVZXR5Y,Nokia,"Nokia 7.2 - Android 9.0 Pie - 128 GB - 48MP Triple Camera - Unlocked Smartphone (AT&T/T-Mobile/MetroPCS/Cricket/Mint) - 6.3"" FHD+ HDR Screen - Charcoal - U.S. Warranty",329.0,4.0,4-Dec-19,205
B07XVZXR5Y,Nokia,"Nokia 7.2 - Android 9.0 Pie - 128 GB - 48MP Triple Camera - Unlocked Smartphone (AT&T/T-Mobile/MetroPCS/Cricket/Mint) - 6.3"" FHD+ HDR Screen - Charcoal - U.S. Warranty",329.0,4.0,21-Nov-19,205
B07XVZXR5Y,Nokia,"Nokia 7.2 - Android 9.0 Pie - 128 GB - 48MP Triple Camera - Unlocked Smartphone (AT&T/T-Mobile/MetroPCS/Cricket/Mint) - 6.3"" FHD+ HDR Screen - Charcoal - U.S. Warranty",329.0,4.0,9-Dec-19,205
B07XVZXR5Y,Nokia,"Nokia 7.2 - Android 9.0 Pie - 128 GB - 48MP Triple Camera - Unlocked Smartphone (AT&T/T-Mobile/MetroPCS/Cricket/Mint) - 6.3"" FHD+ HDR Screen - Charcoal - U.S. Warranty",329.0,4.0,29-Nov-19,205
B07XVZXR5Y,Nokia,"Nokia 7.2 - Android 9.0 Pie - 128 GB - 48MP Triple Camera - Unlocked Smartphone (AT&T/T-Mobile/MetroPCS/Cricket/Mint) - 6.3"" FHD+ HDR Screen - Charcoal - U.S. Warranty",329.0,4.0,21-Oct-19,205
B07XVZXR5Y,Nokia,"Nokia 7.2 - Android 9.0 Pie - 128 GB - 48MP Triple Camera - Unlocked Smartphone (AT&T/T-Mobile/MetroPCS/Cricket/Mint) - 6.3"" FHD+ HDR Screen - Charcoal - U.S. Warranty",329.0,4.0,9-Nov-19,205
B07XVZXR5Y,Nokia,"Nokia 7.2 - Android 9.0 Pie - 128 GB - 48MP Triple Camera - Unlocked Smartphone (AT&T/T-Mobile/MetroPCS/Cricket/Mint) - 6.3"" FHD+ HDR Screen - Charcoal - U.S. Warranty",329.0,4.0,15-Nov-19,205
B010V43VFA,Sony,Sony Experia Z3+ 4G LTE Unlocked 32GB Octa Core 3GB RAM E6553 (LTE USA Latin Caribbean Europe) Waterproof 23 MP No Warranty (White),144.9,3.0,21-Sep-16,124
B06X9HVVC5,Sony,Sony Xperia XA1 G3123 32GB Unlocked GSM LTE Octa-Core Phone w/ 23MP Camera - White,249.99,3.0,22-Dec-18,124
B06X9HVVC5,Sony,Sony Xperia XA1 G3123 32GB Unlocked GSM LTE Octa-Core Phone w/ 23MP Camera - White,249.99,3.0,11-Jan-18,124
B06X9HVVC5,Sony,Sony Xperia XA1 G3123 32GB Unlocked GSM LTE Octa-Core Phone w/ 23MP Camera - White,249.99,3.0,11-Aug-18,124
B06X9HVVC5,Sony,Sony Xperia XA1 G3123 32GB Unlocked GSM LTE Octa-Core Phone w/ 23MP Camera - White,249.99,3.0,13-Jan-18,124
B06X9HVVC5,Sony,Sony Xperia XA1 G3123 32GB Unlocked GSM LTE Octa-Core Phone w/ 23MP Camera - White,249.99,3.0,2-Oct-17,124
B06X9HVVC5,Sony,Sony Xperia XA1 G3123 32GB Unlocked GSM LTE Octa-Core Phone w/ 23MP Camera - White,249.99,3.0,26-Jul-17,124
B06X9HVVC5,Sony,Sony Xperia XA1 G3123 32GB Unlocked GSM LTE Octa-Core Phone w/ 23MP Camera - White,249.99,3.0,6-Nov-17,124
B06X9HVVC5,Sony,Sony Xperia XA1 G3123 32GB Unlocked GSM LTE Octa-Core Phone w/ 23MP Camera - White,249.99,3.0,9-Jul-17,124
B06X9HVVC5,Sony,Sony Xperia XA1 G3123 32GB Unlocked GSM LTE Octa-Core Phone w/ 23MP Camera - White,249.99,3.0,31-Jul-17,124
B06X9HVVC5,Sony,Sony Xperia XA1 G3123 32GB Unlocked GSM LTE Octa-Core Phone w/ 23MP Camera - White,249.99,3.0,16-Jun-17,124
B06X9HVVC5,Sony,Sony Xperia XA1 G3123 32GB Unlocked GSM LTE Octa-Core Phone w/ 23MP Camera - White,249.99,3.0,25-Sep-17,124
B06X9HVVC5,Sony,Sony Xperia XA1 G3123 32GB Unlocked GSM LTE Octa-Core Phone w/ 23MP Camera - White,249.99,3.0,3-Jan-18,124
B06X9HVVC5,Sony,Sony Xperia XA1 G3123 32GB Unlocked GSM LTE Octa-Core Phone w/ 23MP Camera - White,249.99,3.0,21-Aug-17,124
B06Y2GX8K8,Sony,"Sony Xperia XZ Premium - Unlocked Smartphone - 5.5"", 64GB - Dual SIM - Pink (US Warranty)",495.0,4.0,9-Dec-17,124
B06Y2GX8K8,Sony,"Sony Xperia XZ Premium - Unlocked Smartphone - 5.5"", 64GB - Dual SIM - Pink (US Warranty)",495.0,4.0,27-Jun-18,124
B06Y2GX8K8,Sony,"Sony Xperia XZ Premium - Unlocked Smartphone - 5.5"", 64GB - Dual SIM - Pink (US Warranty)",495.0,4.0,1-Apr-18,124
B06Y2GX8K8,Sony,"Sony Xperia XZ Premium - Unlocked Smartphone - 5.5"", 64GB - Dual SIM - Pink (US Warranty)",495.0,4.0,12-Feb-18,124
B06Y2GX8K8,Sony,"Sony Xperia XZ Premium - Unlocked Smartphone - 5.5"", 64GB - Dual SIM - Pink (US Warranty)",495.0,4.0,8-Nov-17,124
B06Y2GX8K8,Sony,"Sony Xperia XZ Premium - Unlocked Smartphone - 5.5"", 64GB - Dual SIM - Pink (US Warranty)",495.0,4.0,25-Jul-17,124
B06Y2GX8K8,Sony,"Sony Xperia XZ Premium - Unlocked Smartphone - 5.5"", 64GB - Dual SIM - Pink (US Warranty)",495.0,4.0,23-Feb-18,124
B06Y2GX8K8,Sony,"Sony Xperia XZ Premium - Unlocked Smartphone - 5.5"", 64GB - Dual SIM - Pink (US Warranty)",495.0,4.0,25-Jul-17,124
B06Y2GX8K8,Sony,"Sony Xperia XZ Premium - Unlocked Smartphone - 5.5"", 64GB - Dual SIM - Pink (US Warranty)",495.0,4.0,15-Nov-17,124
B06Y2GX8K8,Sony,"Sony Xperia XZ Premium - Unlocked Smartphone - 5.5"", 64GB - Dual SIM - Pink (US Warranty)",495.0,4.0,22-Oct-17,124
B06Y2GX8K8,Sony,"Sony Xperia XZ Premium - Unlocked Smartphone - 5.5"", 64GB - Dual SIM - Pink (US Warranty)",495.0,4.0,26-Jan-18,124
B07FKWT3JP,Sony,"Sony Xperia XA1 Plus G3423 LTE 5.5"" 32GB Factory Unlocked Smartphone International Model - (Gold)",179.99,4.0,1-Jun-19,124
B01LZXT34U,Samsung,Samsung Galaxy S6 Edge Plus SM-G928T 32GB for T-Mobile (Renewed),198.99,4.0,5-Dec-17,574
B01NB1KG8U,Samsung,Samsung Galaxy S7 Edge G935A 32GB Gold - Unlocked GSM (Renewed),207.99,4.0,6-Dec-18,574
B01NB1KG8U,Samsung,Samsung Galaxy S7 Edge G935A 32GB Gold - Unlocked GSM (Renewed),207.99,4.0,4-Aug-18,574
B01NB1KG8U,Samsung,Samsung Galaxy S7 Edge G935A 32GB Gold - Unlocked GSM (Renewed),207.99,4.0,15-Apr-18,574
B01NB1KG8U,Samsung,Samsung Galaxy S7 Edge G935A 32GB Gold - Unlocked GSM (Renewed),207.99,4.0,6-Jan-19,574
B01NB1KG8U,Samsung,Samsung Galaxy S7 Edge G935A 32GB Gold - Unlocked GSM (Renewed),207.99,4.0,25-Aug-17,574
B01NB1KG8U,Samsung,Samsung Galaxy S7 Edge G935A 32GB Gold - Unlocked GSM (Renewed),207.99,4.0,19-Jan-18,574
B01NB1KG8U,Samsung,Samsung Galaxy S7 Edge G935A 32GB Gold - Unlocked GSM (Renewed),207.99,4.0,15-Aug-17,574
B01NB1KG8U,Samsung,Samsung Galaxy S7 Edge G935A 32GB Gold - Unlocked GSM (Renewed),207.99,4.0,20-Jun-17,574
B01NB1KG8U,Samsung,Samsung Galaxy S7 Edge G935A 32GB Gold - Unlocked GSM (Renewed),207.99,4.0,4-Oct-17,574
B01NB1KG8U,Samsung,Samsung Galaxy S7 Edge G935A 32GB Gold - Unlocked GSM (Renewed),207.99,4.0,10-Feb-18,574
B01NB1KG8U,Samsung,Samsung Galaxy S7 Edge G935A 32GB Gold - Unlocked GSM (Renewed),207.99,4.0,19-Dec-17,574
B01NB1KG8U,Samsung,Samsung Galaxy S7 Edge G935A 32GB Gold - Unlocked GSM (Renewed),207.99,4.0,30-Jan-18,574
B06XYKR7GP,Samsung,Samsung Galaxy S8+ 64GB GSM Unlocked Phone - International Version (Midnight Black),459.98,4.0,18-Jul-18,574
B06XYKR7GP,Samsung,Samsung Galaxy S8+ 64GB GSM Unlocked Phone - International Version (Midnight Black),459.98,4.0,6-Jul-17,574
B06XZRH5ZC,Samsung,Samsung Galaxy S8 64GB Unlocked Phone - International Version (Maple Gold),429.99,4.0,24-Aug-17,574
B06XZRH5ZC,Samsung,Samsung Galaxy S8 64GB Unlocked Phone - International Version (Maple Gold),429.99,4.0,22-May-19,574
B06XZRH5ZC,Samsung,Samsung Galaxy S8 64GB Unlocked Phone - International Version (Maple Gold),429.99,4.0,1-May-18,574
B06XZRH5ZC,Samsung,Samsung Galaxy S8 64GB Unlocked Phone - International Version (Maple Gold),429.99,4.0,20-Jul-17,574
B06Y15CB1T,Samsung,Samsung Galaxy S8 64GB GSM Unlocked Phone - US Version (Coral Blue),419.95,4.0,13-May-19,574
B071H9KKKF,Samsung,Samsung Galaxy S8 Plus (S8+) (SM-G955FD) 4GB RAM / 64GB ROM 6.2-Inch 12MP 4G LTE Dual SIM FACTORY UNLOCKED - International Stock No Warranty (MIDNIGHT BLACK),450.11,4.0,10-Oct-17,574
B071H9KKKF,Samsung,Samsung Galaxy S8 Plus (S8+) (SM-G955FD) 4GB RAM / 64GB ROM 6.2-Inch 12MP 4G LTE Dual SIM FACTORY UNLOCKED - International Stock No Warranty (MIDNIGHT BLACK),450.11,4.0,21-Apr-19,574
B071H9KKKF,Samsung,Samsung Galaxy S8 Plus (S8+) (SM-G955FD) 4GB RAM / 64GB ROM 6.2-Inch 12MP 4G LTE Dual SIM FACTORY UNLOCKED - International Stock No Warranty (MIDNIGHT BLACK),450.11,4.0,20-Jul-17,574
B071H9KKKF,Samsung,Samsung Galaxy S8 Plus (S8+) (SM-G955FD) 4GB RAM / 64GB ROM 6.2-Inch 12MP 4G LTE Dual SIM FACTORY UNLOCKED - International Stock No Warranty (MIDNIGHT BLACK),450.11,4.0,28-Dec-18,574
B071H9KKKF,Samsung,Samsung Galaxy S8 Plus (S8+) (SM-G955FD) 4GB RAM / 64GB ROM 6.2-Inch 12MP 4G LTE Dual SIM FACTORY UNLOCKED - International Stock No Warranty (MIDNIGHT BLACK),450.11,4.0,28-Aug-17,574
B071H9KKKF,Samsung,Samsung Galaxy S8 Plus (S8+) (SM-G955FD) 4GB RAM / 64GB ROM 6.2-Inch 12MP 4G LTE Dual SIM FACTORY UNLOCKED - International Stock No Warranty (MIDNIGHT BLACK),450.11,4.0,11-Oct-18,574
B071H9KKKF,Samsung,Samsung Galaxy S8 Plus (S8+) (SM-G955FD) 4GB RAM / 64GB ROM 6.2-Inch 12MP 4G LTE Dual SIM FACTORY UNLOCKED - International Stock No Warranty (MIDNIGHT BLACK),450.11,4.0,23-Dec-17,574
B071H9KKKF,Samsung,Samsung Galaxy S8 Plus (S8+) (SM-G955FD) 4GB RAM / 64GB ROM 6.2-Inch 12MP 4G LTE Dual SIM FACTORY UNLOCKED - International Stock No Warranty (MIDNIGHT BLACK),450.11,4.0,1-Aug-17,574
B071H9KKKF,Samsung,Samsung Galaxy S8 Plus (S8+) (SM-G955FD) 4GB RAM / 64GB ROM 6.2-Inch 12MP 4G LTE Dual SIM FACTORY UNLOCKED - International Stock No Warranty (MIDNIGHT BLACK),450.11,4.0,24-Apr-18,574
B071H9KKKF,Samsung,Samsung Galaxy S8 Plus (S8+) (SM-G955FD) 4GB RAM / 64GB ROM 6.2-Inch 12MP 4G LTE Dual SIM FACTORY UNLOCKED - International Stock No Warranty (MIDNIGHT BLACK),450.11,4.0,22-Jul-17,574
B0743J3P8G,Samsung,Samsung Galaxy Tab 4 T237P 7.0-inch 16GB Sprint 4G LTE Android Tablet PC - Black (Certified Refurbished),138.95,1.0,14-Oct-17,574
B0757LYR7P,Samsung,Samsung Galaxy S8 SM-G950UZSAVZW - Verizon - Coral Blue (Renewed) …,289.95,5.0,17-Apr-19,574
B0757LYR7P,Samsung,Samsung Galaxy S8 SM-G950UZSAVZW - Verizon - Coral Blue (Renewed) …,289.95,5.0,29-Sep-17,574
B076XLLCQC,Samsung,Samsung Galaxy Note 8 N950 Factory Unlocked Phone 64GB Midnight Black (Renewed),330.95,4.0,17-Jan-19,574
B076XLLCQC,Samsung,Samsung Galaxy Note 8 N950 Factory Unlocked Phone 64GB Midnight Black (Renewed),330.95,4.0,8-Mar-18,574
B076XLLCQC,Samsung,Samsung Galaxy Note 8 N950 Factory Unlocked Phone 64GB Midnight Black (Renewed),330.95,4.0,4-Feb-18,574
B076XLLCQC,Samsung,Samsung Galaxy Note 8 N950 Factory Unlocked Phone 64GB Midnight Black (Renewed),330.95,4.0,21-Aug-18,574
B076XLLCQC,Samsung,Samsung Galaxy Note 8 N950 Factory Unlocked Phone 64GB Midnight Black (Renewed),330.95,4.0,16-Dec-17,574
B076XLLCQC,Samsung,Samsung Galaxy Note 8 N950 Factory Unlocked Phone 64GB Midnight Black (Renewed),330.95,4.0,24-Jun-18,574
B076XLLCQC,Samsung,Samsung Galaxy Note 8 N950 Factory Unlocked Phone 64GB Midnight Black (Renewed),330.95,4.0,28-Jun-18,574
B076XLLCQC,Samsung,Samsung Galaxy Note 8 N950 Factory Unlocked Phone 64GB Midnight Black (Renewed),330.95,4.0,28-Jun-19,574
B076XLLCQC,Samsung,Samsung Galaxy Note 8 N950 Factory Unlocked Phone 64GB Midnight Black (Renewed),330.95,4.0,15-Feb-19,574
B076XLLCQC,Samsung,Samsung Galaxy Note 8 N950 Factory Unlocked Phone 64GB Midnight Black (Renewed),330.95,4.0,18-Jul-19,574
B076XLLCQC,Samsung,Samsung Galaxy Note 8 N950 Factory Unlocked Phone 64GB Midnight Black (Renewed),330.95,4.0,23-May-18,574
B076XLLCQC,Samsung,Samsung Galaxy Note 8 N950 Factory Unlocked Phone 64GB Midnight Black (Renewed),330.95,4.0,28-Aug-18,574
B076XLLCQC,Samsung,Samsung Galaxy Note 8 N950 Factory Unlocked Phone 64GB Midnight Black (Renewed),330.95,4.0,20-Nov-18,574
B076XLLCQC,Samsung,Samsung Galaxy Note 8 N950 Factory Unlocked Phone 64GB Midnight Black (Renewed),330.95,4.0,25-Jun-19,574
B076XLLCQC,Samsung,Samsung Galaxy Note 8 N950 Factory Unlocked Phone 64GB Midnight Black (Renewed),330.95,4.0,8-Mar-18,574
B076XLLCQC,Samsung,Samsung Galaxy Note 8 N950 Factory Unlocked Phone 64GB Midnight Black (Renewed),330.95,4.0,16-Aug-19,574
B076XLLCQC,Samsung,Samsung Galaxy Note 8 N950 Factory Unlocked Phone 64GB Midnight Black (Renewed),330.95,4.0,3-Mar-18,574
B076XLLCQC,Samsung,Samsung Galaxy Note 8 N950 Factory Unlocked Phone 64GB Midnight Black (Renewed),330.95,4.0,18-Jan-19,574
B076XLLCQC,Samsung,Samsung Galaxy Note 8 N950 Factory Unlocked Phone 64GB Midnight Black (Renewed),330.95,4.0,25-Sep-19,574
B076XLLCQC,Samsung,Samsung Galaxy Note 8 N950 Factory Unlocked Phone 64GB Midnight Black (Renewed),330.95,4.0,1-May-18,574
B076XLLCQC,Samsung,Samsung Galaxy Note 8 N950 Factory Unlocked Phone 64GB Midnight Black (Renewed),330.95,4.0,16-May-19,574
B076XLLCQC,Samsung,Samsung Galaxy Note 8 N950 Factory Unlocked Phone 64GB Midnight Black (Renewed),330.95,4.0,19-Feb-19,574
B076XLLCQC,Samsung,Samsung Galaxy Note 8 N950 Factory Unlocked Phone 64GB Midnight Black (Renewed),330.95,4.0,6-Nov-18,574
B076XLLCQC,Samsung,Samsung Galaxy Note 8 N950 Factory Unlocked Phone 64GB Midnight Black (Renewed),330.95,4.0,16-Jan-19,574
B076XLLCQC,Samsung,Samsung Galaxy Note 8 N950 Factory Unlocked Phone 64GB Midnight Black (Renewed),330.95,4.0,21-Jun-18,574
B076XLLCQC,Samsung,Samsung Galaxy Note 8 N950 Factory Unlocked Phone 64GB Midnight Black (Renewed),330.95,4.0,7-Nov-19,574
B076XLLCQC,Samsung,Samsung Galaxy Note 8 N950 Factory Unlocked Phone 64GB Midnight Black (Renewed),330.95,4.0,31-May-19,574
B076XLLCQC,Samsung,Samsung Galaxy Note 8 N950 Factory Unlocked Phone 64GB Midnight Black (Renewed),330.95,4.0,12-Jun-18,574
B076XLLCQC,Samsung,Samsung Galaxy Note 8 N950 Factory Unlocked Phone 64GB Midnight Black (Renewed),330.95,4.0,2-Mar-18,574
B076XLLCQC,Samsung,Samsung Galaxy Note 8 N950 Factory Unlocked Phone 64GB Midnight Black (Renewed),330.95,4.0,12-Jul-18,574
B076XLLCQC,Samsung,Samsung Galaxy Note 8 N950 Factory Unlocked Phone 64GB Midnight Black (Renewed),330.95,4.0,24-Jun-18,574
B076XLLCQC,Samsung,Samsung Galaxy Note 8 N950 Factory Unlocked Phone 64GB Midnight Black (Renewed),330.95,4.0,6-Jul-18,574
B076XLLCQC,Samsung,Samsung Galaxy Note 8 N950 Factory Unlocked Phone 64GB Midnight Black (Renewed),330.95,4.0,31-May-19,574
B076XLLCQC,Samsung,Samsung Galaxy Note 8 N950 Factory Unlocked Phone 64GB Midnight Black (Renewed),330.95,4.0,19-May-18,574
B076XLLCQC,Samsung,Samsung Galaxy Note 8 N950 Factory Unlocked Phone 64GB Midnight Black (Renewed),330.95,4.0,2-Nov-19,574
B076XLLCQC,Samsung,Samsung Galaxy Note 8 N950 Factory Unlocked Phone 64GB Midnight Black (Renewed),330.95,4.0,17-Jul-19,574
B0786PRKBP,Samsung,Samsung Galaxy S8 - Unlocked - Midnight Black (Renewed),264.99,4.0,8-Feb-18,574
B0786PRKBP,Samsung,Samsung Galaxy S8 - Unlocked - Midnight Black (Renewed),264.99,4.0,9-Jul-18,574
B0788ZD69Z,Samsung,Samsung Galaxy S8 Plus Unlocked 64GB (Midnight Black) - (Renewed),298.95,4.0,8-Feb-18,574
B0788ZD69Z,Samsung,Samsung Galaxy S8 Plus Unlocked 64GB (Midnight Black) - (Renewed),298.95,4.0,9-Jul-18,574
B07C65XFBB,Samsung,Samsung Galaxy S9 Unlocked - 64gb - Midnight Black (Renewed),304.53,4.0,24-Oct-18,574
B07G3RDDXT,Samsung,"Samsung Galaxy Note9 128GB (Single-SIM) SM-N960F (GSM Only, No CDMA) Factory Unlocked 4G/LTE Smartphone - International Version (Ocean Blue)",599.99,3.0,5-Mar-19,574
B07HC74RMG,Samsung,Samsung Galaxy S9 Enterprise Edition 64 GB Unlocked Phone With FREE Cellairis Phone Case & Screen Protector,826.69,1.0,10-Sep-19,574
B07K2FZYKV,Samsung,"Samsung Galaxy J7 2018 (16GB) J737A - 5.5 HD Display, Android 8.0, Octa-core 4G LTE at&T Unlocked Smartphone (Black)",209.99,4.0,26-Feb-19,574
B07K2FZYKV,Samsung,"Samsung Galaxy J7 2018 (16GB) J737A - 5.5 HD Display, Android 8.0, Octa-core 4G LTE at&T Unlocked Smartphone (Black)",209.99,4.0,16-Oct-19,574
B07K2FZYKV,Samsung,"Samsung Galaxy J7 2018 (16GB) J737A - 5.5 HD Display, Android 8.0, Octa-core 4G LTE at&T Unlocked Smartphone (Black)",209.99,4.0,16-Dec-18,574
B07K2FZYKV,Samsung,"Samsung Galaxy J7 2018 (16GB) J737A - 5.5 HD Display, Android 8.0, Octa-core 4G LTE at&T Unlocked Smartphone (Black)",209.99,4.0,28-Dec-18,574
B07K2FZYKV,Samsung,"Samsung Galaxy J7 2018 (16GB) J737A - 5.5 HD Display, Android 8.0, Octa-core 4G LTE at&T Unlocked Smartphone (Black)",209.99,4.0,20-Dec-18,574
B07K2FZYKV,Samsung,"Samsung Galaxy J7 2018 (16GB) J737A - 5.5 HD Display, Android 8.0, Octa-core 4G LTE at&T Unlocked Smartphone (Black)",209.99,4.0,9-Sep-19,574
B07K2FZYKV,Samsung,"Samsung Galaxy J7 2018 (16GB) J737A - 5.5 HD Display, Android 8.0, Octa-core 4G LTE at&T Unlocked Smartphone (Black)",209.99,4.0,10-Dec-18,574
B07K2FZYKV,Samsung,"Samsung Galaxy J7 2018 (16GB) J737A - 5.5 HD Display, Android 8.0, Octa-core 4G LTE at&T Unlocked Smartphone (Black)",209.99,4.0,5-Jun-19,574
B07NLMCDN4,Samsung,Samsung Galaxy Note9 Smartphone 6.4in AT&T Android 512GB (Ocean Blue)(Renewed),469.0,1.0,7-Aug-19,574
B07NRCRFVJ,Samsung,Samsung Galaxy Note8 Certified Pre-Owned Factory Unlocked Phone - 64GB - Black (1 Year Samsung U.S. Warranty) (Renewed),399.99,5.0,8-Jul-19,574
B07PB3WV54,Samsung,"Samsung Galaxy S10e Factory Unlocked Phone with 128GB, Prism White (Renewed)",429.99,4.0,24-Jul-19,574
B07PB3WV54,Samsung,"Samsung Galaxy S10e Factory Unlocked Phone with 128GB, Prism White (Renewed)",429.99,4.0,5-Oct-19,574
B07PB3WV54,Samsung,"Samsung Galaxy S10e Factory Unlocked Phone with 128GB, Prism White (Renewed)",429.99,4.0,5-Oct-19,574
B07PB77Z4J,Samsung,"Samsung Galaxy S10e Factory Unlocked Phone with 128GB (U.S. Warranty), Prism Blue (Renewed)",429.99,4.0,24-Jul-19,574
B07PB77Z4J,Samsung,"Samsung Galaxy S10e Factory Unlocked Phone with 128GB (U.S. Warranty), Prism Blue (Renewed)",429.99,4.0,5-Oct-19,574
B07PB77Z4J,Samsung,"Samsung Galaxy S10e Factory Unlocked Phone with 128GB (U.S. Warranty), Prism Blue (Renewed)",429.99,4.0,5-Oct-19,574
B07QC4R451,Samsung,"Samsung Galaxy A10 SM-A105FDS 32GB, Dual Sim, 6.2"" HD + Infinity-V Display, 2GB RAM, GSM Unlocked International Model, No Warranty (Black)",159.0,4.0,22-Jul-19,574
B07QC4R451,Samsung,"Samsung Galaxy A10 SM-A105FDS 32GB, Dual Sim, 6.2"" HD + Infinity-V Display, 2GB RAM, GSM Unlocked International Model, No Warranty (Black)",159.0,4.0,20-Jun-19,574
B07SB1S9TL,Samsung,"Samsung Galaxy A20 (32GB, 3GB RAM) 6.4"" Super AMOLED, Infinity-V Display, Fast Charge 4000mAh Battery, US & Global 4G LTE Dual SIM GSM Factory Unlocked A205G/DS - International Model (Black, 32GB)",197.0,4.0,24-Sep-19,574
B07SB1S9TL,Samsung,"Samsung Galaxy A20 (32GB, 3GB RAM) 6.4"" Super AMOLED, Infinity-V Display, Fast Charge 4000mAh Battery, US & Global 4G LTE Dual SIM GSM Factory Unlocked A205G/DS - International Model (Black, 32GB)",197.0,4.0,8-Nov-19,574
B07SB1S9TL,Samsung,"Samsung Galaxy A20 (32GB, 3GB RAM) 6.4"" Super AMOLED, Infinity-V Display, Fast Charge 4000mAh Battery, US & Global 4G LTE Dual SIM GSM Factory Unlocked A205G/DS - International Model (Black, 32GB)",197.0,4.0,27-Jul-19,574
B07SSCV7SS,Samsung,Samsung Galaxy S10e (SM-G970U) GSM Unlocked + Verizon - 128GB / Prism Blue (Renewed),415.0,1.0,16-Nov-19,574
B07VGTHTGN,Samsung,"Samsung Galaxy A70 128GB/6GB SM-A705MN/DS 6.7"" HD+ Infinity-U 4G/LTE Factory Unlocked Smartphone (International Version, No Warranty) (Black) (Renewed)",329.99,1.0,5-Dec-19,574
B07VZL1W7K,Samsung,"Samsung Galaxy A50 US Version Factory Unlocked Cell Phone with 64GB Memory, 6.4"" Screen, Black, [SM-A505UZKNXAA]",274.99,4.0,25-Sep-19,574
B07VZL1W7K,Samsung,"Samsung Galaxy A50 US Version Factory Unlocked Cell Phone with 64GB Memory, 6.4"" Screen, Black, [SM-A505UZKNXAA]",274.99,4.0,25-Sep-19,574
B07VZL1W7K,Samsung,"Samsung Galaxy A50 US Version Factory Unlocked Cell Phone with 64GB Memory, 6.4"" Screen, Black, [SM-A505UZKNXAA]",274.99,4.0,18-Oct-19,574
B07VZL1W7K,Samsung,"Samsung Galaxy A50 US Version Factory Unlocked Cell Phone with 64GB Memory, 6.4"" Screen, Black, [SM-A505UZKNXAA]",274.99,4.0,3-Dec-19,574
B07VZL1W7K,Samsung,"Samsung Galaxy A50 US Version Factory Unlocked Cell Phone with 64GB Memory, 6.4"" Screen, Black, [SM-A505UZKNXAA]",274.99,4.0,8-Oct-19,574
B07VZL1W7K,Samsung,"Samsung Galaxy A50 US Version Factory Unlocked Cell Phone with 64GB Memory, 6.4"" Screen, Black, [SM-A505UZKNXAA]",274.99,4.0,11-Dec-19,574
B07VZL1W7K,Samsung,"Samsung Galaxy A50 US Version Factory Unlocked Cell Phone with 64GB Memory, 6.4"" Screen, Black, [SM-A505UZKNXAA]",274.99,4.0,18-Nov-19,574
B07VZL1W7K,Samsung,"Samsung Galaxy A50 US Version Factory Unlocked Cell Phone with 64GB Memory, 6.4"" Screen, Black, [SM-A505UZKNXAA]",274.99,4.0,12-Nov-19,574
B07VZL1W7K,Samsung,"Samsung Galaxy A50 US Version Factory Unlocked Cell Phone with 64GB Memory, 6.4"" Screen, Black, [SM-A505UZKNXAA]",274.99,4.0,2-Dec-19,574
B07VZL1W7K,Samsung,"Samsung Galaxy A50 US Version Factory Unlocked Cell Phone with 64GB Memory, 6.4"" Screen, Black, [SM-A505UZKNXAA]",274.99,4.0,7-Dec-19,574
B07VZL1W7K,Samsung,"Samsung Galaxy A50 US Version Factory Unlocked Cell Phone with 64GB Memory, 6.4"" Screen, Black, [SM-A505UZKNXAA]",274.99,4.0,2-Dec-19,574
B07VZL1W7K,Samsung,"Samsung Galaxy A50 US Version Factory Unlocked Cell Phone with 64GB Memory, 6.4"" Screen, Black, [SM-A505UZKNXAA]",274.99,4.0,17-Dec-19,574
B07VZL1W7K,Samsung,"Samsung Galaxy A50 US Version Factory Unlocked Cell Phone with 64GB Memory, 6.4"" Screen, Black, [SM-A505UZKNXAA]",274.99,4.0,13-Oct-19,574
B07VZL1W7K,Samsung,"Samsung Galaxy A50 US Version Factory Unlocked Cell Phone with 64GB Memory, 6.4"" Screen, Black, [SM-A505UZKNXAA]",274.99,4.0,25-Nov-19,574
B07VZL1W7K,Samsung,"Samsung Galaxy A50 US Version Factory Unlocked Cell Phone with 64GB Memory, 6.4"" Screen, Black, [SM-A505UZKNXAA]",274.99,4.0,15-Oct-19,574
B07VZL1W7K,Samsung,"Samsung Galaxy A50 US Version Factory Unlocked Cell Phone with 64GB Memory, 6.4"" Screen, Black, [SM-A505UZKNXAA]",274.99,4.0,21-Nov-19,574
B07VZL1W7K,Samsung,"Samsung Galaxy A50 US Version Factory Unlocked Cell Phone with 64GB Memory, 6.4"" Screen, Black, [SM-A505UZKNXAA]",274.99,4.0,17-Dec-19,574
B07VZL1W7K,Samsung,"Samsung Galaxy A50 US Version Factory Unlocked Cell Phone with 64GB Memory, 6.4"" Screen, Black, [SM-A505UZKNXAA]",274.99,4.0,1-Dec-19,574
B07WHKYDV3,Samsung,"Samsung Galaxy Note 10 SM-N970F/DS 256GB 8GB RAM (Factory Unlocked) 6.3"" (GSM ONLY, No CDMA) - International Version (Aura Glow)",799.99,5.0,8-Oct-19,574
B06XS3CTJM,Apple,Apple iPhone 7 Plus 256GB Unlocked GSM 4G LTE Quad-Core Smartphone - Jet Black (Renewed),354.99,4.0,3-Apr-19,304
B06XS3CTJM,Apple,Apple iPhone 7 Plus 256GB Unlocked GSM 4G LTE Quad-Core Smartphone - Jet Black (Renewed),354.99,4.0,7-Apr-19,304
B06XS3CTJM,Apple,Apple iPhone 7 Plus 256GB Unlocked GSM 4G LTE Quad-Core Smartphone - Jet Black (Renewed),354.99,4.0,9-Jul-19,304
B06XS3CTJM,Apple,Apple iPhone 7 Plus 256GB Unlocked GSM 4G LTE Quad-Core Smartphone - Jet Black (Renewed),354.99,4.0,20-Jun-18,304
B07753NSQZ,Apple,"Apple iPhone 8, GSM Unlocked, 256GB - Space Gray (Renewed)",349.8,4.0,10-Dec-19,304
B07753NSQZ,Apple,"Apple iPhone 8, GSM Unlocked, 256GB - Space Gray (Renewed)",349.8,4.0,8-Jul-19,304
B07755LZ67,Apple,Apple iPhone 8 Plus 64GB Unlocked GSM Phone - Space Gray (Renewed),374.99,4.0,31-May-19,304
B07755LZ67,Apple,Apple iPhone 8 Plus 64GB Unlocked GSM Phone - Space Gray (Renewed),374.99,4.0,19-Aug-19,304
B07755LZ67,Apple,Apple iPhone 8 Plus 64GB Unlocked GSM Phone - Space Gray (Renewed),374.99,4.0,11-Oct-19,304
B07755LZ67,Apple,Apple iPhone 8 Plus 64GB Unlocked GSM Phone - Space Gray (Renewed),374.99,4.0,25-May-19,304
B078SBFV72,Apple,"Apple iPad Air MF003LL/A (32GB, Wi-Fi + AT&T, Black with Space Gray) OLD VERSION (Renewed)",166.19,5.0,22-Jul-19,304
B078SBFV72,Apple,"Apple iPad Air MF003LL/A (32GB, Wi-Fi + AT&T, Black with Space Gray) OLD VERSION (Renewed)",166.19,5.0,3-Aug-18,304
B078SBFV72,Apple,"Apple iPad Air MF003LL/A (32GB, Wi-Fi + AT&T, Black with Space Gray) OLD VERSION (Renewed)",166.19,5.0,26-Feb-18,304
B078SBFV72,Apple,"Apple iPad Air MF003LL/A (32GB, Wi-Fi + AT&T, Black with Space Gray) OLD VERSION (Renewed)",166.19,5.0,10-Aug-18,304
B07FKD3H9Q,Apple,"Apple iPad mini 4 (32GB, Wi-Fi + Cellular, Space Gray) (Renewed)",249.99,5.0,10-Feb-19,304
B07G7FG26S,Apple,"Apple iPhone 8, AT&T, 64GB - Red (Renewed)",320.0,4.0,4-Oct-19,304
B07G7FG26S,Apple,"Apple iPhone 8, AT&T, 64GB - Red (Renewed)",320.0,4.0,30-Oct-19,304
B07G7FG26S,Apple,"Apple iPhone 8, AT&T, 64GB - Red (Renewed)",320.0,4.0,31-Aug-19,304
B0766NJPBN,Google,"Google Pixel 2 GSM/CDMA Google Unlocked (Clearly White, 64GB, US warranty)",338.99,4.0,28-Apr-19,2
B0766NJPBN,Google,"Google Pixel 2 GSM/CDMA Google Unlocked (Clearly White, 64GB, US warranty)",338.99,4.0,1-Mar-19,2
B0766NJPBN,Google,"Google Pixel 2 GSM/CDMA Google Unlocked (Clearly White, 64GB, US warranty)",338.99,4.0,28-Dec-18,2
B0766NJPBN,Google,"Google Pixel 2 GSM/CDMA Google Unlocked (Clearly White, 64GB, US warranty)",338.99,4.0,13-Jul-18,2
B0766NJPBN,Google,"Google Pixel 2 GSM/CDMA Google Unlocked (Clearly White, 64GB, US warranty)",338.99,4.0,3-Jul-18,2
B0766NJPBN,Google,"Google Pixel 2 GSM/CDMA Google Unlocked (Clearly White, 64GB, US warranty)",338.99,4.0,2-Apr-18,2
B0766NJPBN,Google,"Google Pixel 2 GSM/CDMA Google Unlocked (Clearly White, 64GB, US warranty)",338.99,4.0,5-Mar-18,2
B07HKPMFZ5,Google,Google Pixel 3 XL 64GB Unlocked GSM & CDMA 4G LTE Android Phone w/ 12.2MP Rear & Dual 8MP Front Camera - Just Black (Renewed),319.97,4.0,4-Apr-19,2
B07HKPMFZ5,Google,Google Pixel 3 XL 64GB Unlocked GSM & CDMA 4G LTE Android Phone w/ 12.2MP Rear & Dual 8MP Front Camera - Just Black (Renewed),319.97,4.0,16-Aug-19,2
B07HKPMFZ5,Google,Google Pixel 3 XL 64GB Unlocked GSM & CDMA 4G LTE Android Phone w/ 12.2MP Rear & Dual 8MP Front Camera - Just Black (Renewed),319.97,4.0,8-Jul-19,2
B07HKPMFZ5,Google,Google Pixel 3 XL 64GB Unlocked GSM & CDMA 4G LTE Android Phone w/ 12.2MP Rear & Dual 8MP Front Camera - Just Black (Renewed),319.97,4.0,24-Oct-19,2
B07HKPMFZ5,Google,Google Pixel 3 XL 64GB Unlocked GSM & CDMA 4G LTE Android Phone w/ 12.2MP Rear & Dual 8MP Front Camera - Just Black (Renewed),319.97,4.0,20-Sep-19,2
B07HKPMFZ5,Google,Google Pixel 3 XL 64GB Unlocked GSM & CDMA 4G LTE Android Phone w/ 12.2MP Rear & Dual 8MP Front Camera - Just Black (Renewed),319.97,4.0,8-May-19,2
B07HKPMFZ5,Google,Google Pixel 3 XL 64GB Unlocked GSM & CDMA 4G LTE Android Phone w/ 12.2MP Rear & Dual 8MP Front Camera - Just Black (Renewed),319.97,4.0,28-May-19,2
B07HKPMFZ5,Google,Google Pixel 3 XL 64GB Unlocked GSM & CDMA 4G LTE Android Phone w/ 12.2MP Rear & Dual 8MP Front Camera - Just Black (Renewed),319.97,4.0,4-Nov-19,2
B07HKPMFZ5,Google,Google Pixel 3 XL 64GB Unlocked GSM & CDMA 4G LTE Android Phone w/ 12.2MP Rear & Dual 8MP Front Camera - Just Black (Renewed),319.97,4.0,11-Mar-19,2
B07HKPMFZ5,Google,Google Pixel 3 XL 64GB Unlocked GSM & CDMA 4G LTE Android Phone w/ 12.2MP Rear & Dual 8MP Front Camera - Just Black (Renewed),319.97,4.0,13-Apr-19,2
B07HKPMFZ5,Google,Google Pixel 3 XL 64GB Unlocked GSM & CDMA 4G LTE Android Phone w/ 12.2MP Rear & Dual 8MP Front Camera - Just Black (Renewed),319.97,4.0,27-Aug-19,2
B07P8MQHSH,Google,Google - Pixel 3 with 64GB Memory Cell Phone (Unlocked) - Just Black,446.61,4.0,13-Sep-19,2
B07P8MQHSH,Google,Google - Pixel 3 with 64GB Memory Cell Phone (Unlocked) - Just Black,446.61,4.0,26-Nov-19,2
B07YBHNTSK,Google,"Google Pixel 3a XL Verizon Just Black, 64GB (Renewed)",344.94,5.0,11-Dec-19,2
B07F2PWRZR,HUAWEI,"Huawei Y5 2018 DRA-L23 DUAL SIM FullView Display 5.45"" 4G LTE Quad Core 16GB 8MP Smartphone Factory Unlocked Android GO (International Version- No Warranty) (Gold)",89.96,4.0,31-Oct-18,10
B07JB4W3L6,HUAWEI,"Huawei Mate 20 HMA-L29 Dual-SIM 128GB (4GB RAM, 6.53"" inch, Android) (GSM Only, No CDMA) Factory Unlocked 4G/LTE Smartphone (Black) - International Version",499.0,4.0,19-Jul-19,10
B07PKVLDHP,HUAWEI,"Huawei Y6 2019 MRD-LX3 6.09"" Dewdrop Display 32GB 2GB RAM Dual SIM 13MP+ 8MP A-GPS Fingerprint Factory Unlocked No Warranty US (Blue)",128.97,4.0,11-Dec-19,10
B07K64PTLP,Xiaomi,"Xiaomi Mi 8 Pro (128GB, 8GB RAM) with In-Screen Fingerprint Reader, Dual Camera's, 6.21"" AMOLED Display, Factory Unlocked - Global Version No Warranty (Transparent Titanium)",293.99,4.0,12-Dec-18,1
B07K64PTLP,Xiaomi,"Xiaomi Mi 8 Pro (128GB, 8GB RAM) with In-Screen Fingerprint Reader, Dual Camera's, 6.21"" AMOLED Display, Factory Unlocked - Global Version No Warranty (Transparent Titanium)",293.99,4.0,22-Jul-19,1
B07K64PTLP,Xiaomi,"Xiaomi Mi 8 Pro (128GB, 8GB RAM) with In-Screen Fingerprint Reader, Dual Camera's, 6.21"" AMOLED Display, Factory Unlocked - Global Version No Warranty (Transparent Titanium)",293.99,4.0,1-Sep-19,1
B07K64PTLP,Xiaomi,"Xiaomi Mi 8 Pro (128GB, 8GB RAM) with In-Screen Fingerprint Reader, Dual Camera's, 6.21"" AMOLED Display, Factory Unlocked - Global Version No Warranty (Transparent Titanium)",293.99,4.0,3-May-19,1
B07Y336C8S,Xiaomi,"Xiaomi Mi 9 Lite 64GB + 6GB RAM, 6.39” AMOLED FHD+ LTE 48MP AI Triple Camera Factory Unlocked Smartphone - Global Version (Aurora Blue)",248.0,5.0,21-Dec-19,1
B07Y336C8S,Xiaomi,"Xiaomi Mi 9 Lite 64GB + 6GB RAM, 6.39” AMOLED FHD+ LTE 48MP AI Triple Camera Factory Unlocked Smartphone - Global Version (Aurora Blue)",248.0,5.0,20-Dec-19,1
B07ZGHYFZ4,Xiaomi,Xiaomi Mi Note 10 128GB 108MP Penta Camera 6.47″ LTE Factory Unlocked Smartphone (International Version) (Glacier White),486.57,5.0,20-Dec-19,1
